Workbook

Sheet Sales_Dataset
A1: Order_ID | B1: Order_Date | C1: Customer_ID | D1: Customer_Name | E1: Age | F1: Gender | G1: City | H1: Product | I1: Category | J1: Quantity | K1: Unit_Price | L1: Total_Sales | N1: Q1 | O1: Q3 | P1: IQR | Q1: Lower Limit | R1: Upper Limit | T1: Q1 | U1: Q3 | V1: IQR | W1: LowerLimit | X1: Upper Limit | Z1: Q1 | AA1: Q3 | AB1: IQR | AC1: Lower Limit | AD1: Upper Limit | AF1: Q1 | AG1: Q3 | AH1: IQR | AI1: Lower Limit | AJ1: Upper Limit
A2: ORD100002 | B2: 2025-02-25 | C2: CUST5529 | D2: Customer_227 | E2: 30 | F2: Female | G2: Bengaluru | H2: Rice | I2: Grocery | J2: 7 | K2: 2829.77 | L2: 19808.39 | N2: =_xlfn.QUARTILE.INC(E:E,1) -> 30 | O2: =_xlfn.QUARTILE.INC(E:E,3) -> 54 | P2: =O2-N2 -> 24 | Q2: =N2-(1.5*P2) -> -6 | R2: =O2+(1.5*P2) -> 90 | T2: =_xlfn.QUARTILE.INC(J:J,1) -> 3 | U2: =_xlfn.QUARTILE.INC(J:J,3) -> 8 | V2: =U2-T2 -> 5 | W2: =T2-(1.5*V2) -> -4.5 | X2: =U2+(1.5*V2) -> 15.5 | Z2: =_xlfn.QUARTILE.INC(K:K,1) -> 13895.722 | AA2: =_xlfn.QUARTILE.INC(K:K,3) -> 37512.382 | AB2: =AA2-Z2 -> 23616.66 | AC2: =Z2-(1.5*AB2) -> -21529.267 | AD2: =AA2+(1.5*AB2) -> 72937.372 | AF2: =_xlfn.QUARTILE.INC(L:L,1) -> 47066.632 | AG2: =_xlfn.QUARTILE.INC(L:L,3) -> 203722.88 | AH2: =AG2-AF2 -> 156656.25 | AI2: =AF2-(1.5*AH2) -> -187917.74 | AJ2: =AG2+(1.5*AH2) -> 438707.26 | AK2: =COUNTIF(L2:L1001,">"&AJ2)+COUNTIF(L2:L1001,"<"&AI2) -> 19
A3: ORD100003 | B3: 2025-10-14 | C3: CUST3127 | D3: Customer_182 | E3: 63 | F3: Male | G3: Bengaluru | H3: Book | I3: Education | J3: 5 | K3: 27906.16 | L3: 139530.8
A4: ORD100004 | B4: 2025-05-13 | C4: CUST8887 | D4: Customer_487 | E4: 62 | F4: Female | G4: Bengaluru | H4: Book | I4: Education | J4: 8 | K4: 37491.06 | L4: 299928.48
A5: ORD100005 | B5: 2025-12-02 | C5: CUST2515 | D5: Customer_470 | E5: 65 | F5: Female | G5: Kolkata | H5: Mobile | I5: Electronics | J5: 9 | K5: 28541.36 | L5: 256872.24
A6: ORD100006 | B6: 2025-11-20 | C6: CUST4796 | D6: Customer_380 | E6: 44 | F6: Male | G6: Bengaluru | H6: Rice | I6: Grocery | J6: 10 | K6: 14036.59 | L6: 140365.9
A7: ORD100007 | B7: 2025-12-31 | C7: CUST3952 | D7: Customer_71 | E7: 40 | F7: Female | G7: Hyderabad | H7: Laptop | I7: Electronics | J7: 9 | K7: 35947.47 | L7: 323527.23
A8: ORD100008 | B8: 2025-10-14 | C8: CUST1758 | D8: Customer_335 | E8: 61 | F8: Male | G8: Patna | H8: Mobile | I8: Electronics | J8: 6 | K8: 49997.53 | L8: 299985.18
A9: ORD100009 | B9: 2025-12-05 | C9: CUST9622 | D9: Customer_224 | E9: 35 | F9: Male | G9: Kolkata | H9: Laptop | I9: Electronics | J9: 3 | K9: 9488.83 | L9: 28466.49
A10: ORD100010 | B10: 2025-11-21 | C10: CUST9770 | D10: Customer_494 | E10: 41 | F10: Female | G10: Mumbai | H10: Book | I10: Education | J10: 6 | K10: 19488.23 | L10: 116929.38
A11: ORD100011 | B11: 2025-04-16 | C11: CUST1312 | D11: Customer_40 | E11: 30 | F11: Male | G11: Kolkata | H11: Mobile | I11: Electronics | J11: 8 | K11: 18024.34 | L11: 144194.72
A12: ORD100012 | B12: 2025-05-05 | C12: CUST9642 | D12: Customer_162 | E12: 51 | F12: Male | G12: Delhi | H12: Shoes | I12: Fashion | J12: 3 | K12: 14151.42 | L12: 42454.26
A13: ORD100013 | B13: 2025-05-02 | C13: CUST3228 | D13: Customer_209 | E13: 55 | F13: Female | G13: Patna | H13: Chair | I13: Furniture | J13: 6 | K13: 47175.43 | L13: 283052.58
A14: ORD100014 | B14: 2025-05-06 | C14: CUST1038 | D14: Customer_454 | E14: 32 | F14: Male | G14: Patna | H14: Rice | I14: Grocery | J14: 5 | K14: 7413.68 | L14: 37068.4
... A49: ORD100049 | B49: 2025-10-25 | C49: CUST2705 | D49: Customer_117 | E49: 55 | F49: Male | G49: Kolkata | H49: Mobile | I49: Electronics | J49: 5 | K49: 24854.05 | L49: 124270.25
A50: ORD100050 | B50: 2025-10-03 | C50: CUST5523 | D50: Customer_432 | F50: Male | G50: Pune | H50: Chair | I50: Furniture | J50: 9 | K50: 30834.87 | L50: 277513.83
A51: ORD100051 | B51: 2025-02-27 | C51: CUST1557 | D51: Customer_87 | E51: 39 | F51: Female | G51: Mumbai | H51: Chair | I51: Furniture | J51: 6 | K51: 20561.97 | L51: 123371.82
A52: ORD100052 | B52: 2025-09-09 | C52: CUST2062 | D52: Customer_254 | E52: 58 | F52: Male | G52: Patna | H52: Book | I52: Education | J52: 10 | K52: 49367.75 | L52: 493677.5
A53: ORD100053 | B53: 2025-06-08 | C53: CUST9203 | D53: Customer_70 | E53: 33 | F53: Male | G53: Delhi | H53: Laptop | I53: Electronics | J53: 6 | K53: 4656.1 | L53: 27936.6
A54: ORD100054 | B54: 2025-07-07 | C54: CUST8053 | D54: Customer_408 | E54: 58 | F54: Male | G54: Delhi | H54: Rice | I54: Grocery | J54: 7 | K54: 42345.82 | L54: 296420.74
A55: ORD100055 | B55: 2025-04-16 | C55: CUST1017 | D55: Customer_387 | E55: 42 | F55: Female | G55: Pune | H55: Shoes | I55: Fashion | J55: 7 | K55: 37747.24 | L55: 264230.68
A56: ORD100056 | B56: 2025-11-16 | C56: CUST2690 | D56: Customer_11 | E56: 26 | F56: Male | G56: Delhi | H56: Book | I56: Education | J56: 2 | K56: 33304.17 | L56: 66608.34
A57: ORD100057 | B57: 2025-12-07 | C57: CUST2791 | D57: Customer_20 | E57: 58 | F57: Female | G57: Bengaluru | H57: Laptop | I57: Electronics | J57: 6 | K57: 41157.44 | L57: 246944.64
A58: ORD100058 | B58: 2025-03-12 | C58: CUST4496 | D58: Customer_53 | E58: 18 | F58: Female | G58: Bengaluru | H58: Chair | I58: Furniture | J58: 7 | K58: 47669.63 | L58: 333687.41
A59: ORD100059 | B59: 2025-12-12 | C59: CUST8811 | D59: Customer_115 | E59: 50 | F59: Female | G59: Bengaluru | H59: Chair | I59: Furniture | J59: 1 | K59: 44708.5 | L59: 44708.5
A60: ORD100060 | B60: 2025-01-15 | C60: CUST2411 | D60: Customer_292 | E60: 47 | F60: Female | G60: Mumbai | H60: Mobile | I60: Electronics | J60: 5 | K60: 36809.08 | L60: 184045.4
A61: ORD100061 | B61: 2025-11-08 | C61: CUST2350 | D61: Customer_205 | E61: 46 | F61: Male | G61: Pune | H61: Mobile | I61: Electronics | J61: 4 | K61: 25292.97 | L61: 101171.88
A62: ORD100062 | B62: 2025-07-06 | C62: CUST9745 | D62: Customer_48 | E62: 27 | F62: Male | G62: Mumbai | H62: Shoes | I62: Fashion | J62: 1 | K62: 29263.26 | L62: 29263.26
... A74: ORD100074 | B74: 2025-12-04 | C74: CUST7587 | D74: Customer_223 | E74: 27 | F74: Male | G74: Pune | H74: Laptop | I74: Electronics | J74: 9 | K74: 45419.62 | L74: 408776.58
A75: ORD100075 | B75: 2025-03-30 | C75: CUST2157 | D75: Customer_31 | E75: 58 | F75: Male | H75: Mobile | I75: Electronics | J75: 4 | K75: 21599.26 | L75: 86397.04
A76: ORD100076 | B76: 2025-12-30 | C76: CUST8430 | D76: Customer_277 | E76: 45 | F76: Male | G76: Gaya | H76: Laptop | I76: Electronics | J76: 2 | K76: 8883.45 | L76: 17766.9
A77: ORD100077 | B77: 2025-12-27 | C77: CUST1956 | D77: Customer_317 | E77: 22 | F77: Female | G77: Bengaluru | H77: Shoes | I77: Fashion | J77: 9 | K77: 12290.45 | L77: 110614.05
A78: ORD100078 | B78: 2025-04-14 | C78: CUST9846 | D78: Customer_298 | E78: 58 | F78: Female | G78: Patna | H78: Book | I78: Education | J78: 6 | K78: 10784.64 | L78: 64707.84
A79: ORD100079 | B79: 2026-01-01 | C79: CUST4706 | D79: Customer_34 | E79: 62 | F79: Female | G79: Delhi | H79: Rice | I79: Grocery | J79: 1 | K79: 35862.34 | L79: 35862.34
A80: ORD100080 | B80: 2025-08-21 | C80: CUST5607 | D80: Customer_265 | E80: 61 | F80: Female | G80: Gaya | H80: Rice | I80: Grocery | J80: 1 | K80: 13129.64 | L80: 13129.64
A81: ORD100081 | B81: 2025-03-05 | C81: CUST8211 | D81: Customer_62 | E81: 19 | F81: Female | G81: Gaya | H81: Chair | I81: Furniture | J81: 9 | K81: 45747.37 | L81: 411726.33
A82: ORD100082 | B82: 2025-09-01 | C82: CUST5367 | D82: Customer_499 | E82: 25 | F82: Female | G82: Hyderabad | H82: Book | I82: Education | J82: 6 | K82: 5849.89 | L82: 35099.34
A83: ORD100083 | B83: 2025-01-06 | C83: CUST8346 | D83: Customer_384 | E83: 30 | F83: Male | G83: Hyderabad | H83: Laptop | I83: Electronics | J83: 9 | K83: 48845.5 | L83: 439609.5
A84: ORD100084 | B84: 2025-10-24 | C84: CUST7484 | D84: Customer_478 | E84: 36 | F84: Male | G84: Gaya | H84: Book | I84: Education | J84: 9 | K84: 24828.05 | L84: 223452.45
A85: ORD100085 | B85: 2025-03-07 | C85: CUST7911 | D85: Customer_7 | E85: 59 | F85: Male | G85: Delhi | H85: Mobile | I85: Electronics | J85: 8 | K85: 17841.4 | L85: 142731.2
A86: ORD100086 | B86: 2025-08-24 | C86: CUST4229 | D86: Customer_234 | E86: 51 | F86: Male | G86: Hyderabad | H86: Book | I86: Education | J86: 10 | K86: 13662.66 | L86: 136626.6
A87: ORD100087 | B87: 2025-03-17 | C87: CUST2290 | D87: Customer_195 | E87: 56 | F87: Male | G87: Mumbai | H87: Book | I87: Education | J87: 4 | K87: 12169.49 | L87: 48677.96
... A99: ORD100099 | B99: 2025-02-13 | C99: CUST5232 | D99: Customer_395 | E99: 54 | F99: Male | G99: Gaya | H99: Mobile | I99: Electronics | J99: 2 | K99: 31217.12 | L99: 62434.24
A100: ORD100100 | B100: 2025-11-02 | C100: CUST7462 | D100: Customer_379 | F100: Male | G100: Patna | H100: Laptop | I100: Electronics | J100: 5 | K100: 553.62 | L100: 2768.1
A101: ORD100101 | B101: 2025-10-05 | C101: CUST7588 | D101: Customer_67 | E101: 47 | F101: Male | G101: Pune | H101: Rice | I101: Grocery | J101: 4 | K101: 6974.66 | L101: 27898.64
A102: ORD100102 | B102: 2025-12-19 | C102: CUST5005 | D102: Customer_176 | E102: 20 | F102: Female | G102: Kolkata | H102: Book | I102: Education | J102: 9 | K102: 19437.88 | L102: 174940.92
A103: ORD100103 | B103: 2025-01-14 | C103: CUST3210 | D103: Customer_15 | E103: 43 | F103: Female | G103: Mumbai | H103: Laptop | I103: Electronics | J103: 9 | K103: 13617.93 | L103: 122561.37
A104: ORD100104 | B104: 2025-12-12 | C104: CUST5926 | D104: Customer_308 | E104: 54 | F104: Male | G104: Gaya | H104: Chair | I104: Furniture | J104: 8 | K104: 38897.58 | L104: 311180.64
A105: ORD100105 | B105: 2025-11-23 | C105: CUST3809 | D105: Customer_394 | E105: 44 | F105: Female | G105: Gaya | H105: Book | I105: Education | J105: 6 | K105: 8547.07 | L105: 51282.42
A106: ORD100106 | B106: 2025-10-26 | C106: CUST2079 | D106: Customer_35 | E106: 44 | F106: Male | G106: Mumbai | H106: Chair | I106: Furniture | J106: 7 | K106: 46263.01 | L106: 323841.07
A107: ORD100107 | B107: 2025-08-09 | C107: CUST4881 | D107: Customer_389 | E107: 32 | F107: Male | G107: Patna | H107: Book | I107: Education | J107: 2 | K107: 2814.55 | L107: 5629.1
A108: ORD100108 | B108: 2025-03-20 | C108: CUST6707 | D108: Customer_420 | E108: 33 | F108: Male | G108: Pune | H108: Mobile | I108: Electronics | J108: 8 | K108: 41112.05 | L108: 328896.4
A109: ORD100109 | B109: 2025-09-18 | C109: CUST2796 | D109: Customer_471 | E109: 29 | F109: Male | G109: Patna | H109: Book | I109: Education | J109: 4 | K109: 36826.88 | L109: 147307.52
A110: ORD100110 | B110: 2025-10-15 | C110: CUST5524 | D110: Customer_154 | E110: 44 | F110: Male | G110: Hyderabad | H110: Chair | I110: Furniture | J110: 3 | K110: 42806.52 | L110: 128419.56
A111: ORD100111 | B111: 2025-09-04 | C111: CUST9882 | D111: Customer_103 | E111: 28 | F111: Female | G111: Kolkata | H111: Laptop | I111: Electronics | J111: 6 | K111: 5533 | L111: 33198
A112: ORD100112 | B112: 2025-03-01 | C112: CUST3001 | D112: Customer_341 | E112: 32 | F112: Male | G112: Gaya | H112: Laptop | I112: Electronics | J112: 3 | K112: 2638.97 | L112: 7916.91
... A149: ORD100149 | B149: 2025-09-17 | C149: CUST7178 | D149: Customer_478 | E149: 64 | F149: Male | G149: Bengaluru | H149: Chair | I149: Furniture | J149: 2 | K149: 8092.78 | L149: 16185.56
A150: ORD100150 | B150: 2025-04-01 | C150: CUST4132 | D150: Customer_47 | F150: Female | H150: Chair | I150: Furniture | J150: 4 | K150: 1973.64 | L150: 7894.56
A151: ORD100151 | B151: 2025-09-13 | C151: CUST4829 | D151: Customer_202 | E151: 19 | F151: Female | G151: Mumbai | H151: Shoes | I151: Fashion | J151: 8 | K151: 41749.55 | L151: 333996.4
A152: ORD100152 | B152: 2025-02-08 | C152: CUST5188 | D152: Customer_286 | E152: 53 | F152: Male | G152: Gaya | H152: Laptop | I152: Electronics | J152: 9 | K152: 48833.27 | L152: 439499.43
A153: ORD100153 | B153: 2025-06-26 | C153: CUST1928 | D153: Customer_17 | E153: 30 | F153: Female | G153: Mumbai | H153: Mobile | I153: Electronics | J153: 7 | K153: 48642.53 | L153: 340497.71
A154: ORD100154 | B154: 2025-10-26 | C154: CUST3887 | D154: Customer_371 | E154: 56 | F154: Female | G154: Mumbai | H154: Laptop | I154: Electronics | J154: 4 | K154: 42299.16 | L154: 169196.64
A155: ORD100155 | B155: 2025-03-18 | C155: CUST5211 | D155: Customer_215 | E155: 53 | F155: Female | G155: Patna | H155: Book | I155: Education | J155: 5 | K155: 38233.51 | L155: 191167.55
A156: ORD100156 | B156: 2025-07-22 | C156: CUST2236 | D156: Customer_173 | E156: 64 | F156: Male | G156: Pune | H156: Mobile | I156: Electronics | J156: 4 | K156: 6502.53 | L156: 26010.12
A157: ORD100157 | B157: 2025-03-11 | C157: CUST5375 | D157: Customer_265 | E157: 60 | F157: Male | G157: Bengaluru | H157: Book | I157: Education | J157: 2 | K157: 18293.96 | L157: 36587.92
A158: ORD100158 | B158: 2025-08-31 | C158: CUST4137 | D158: Customer_221 | E158: 36 | F158: Male | G158: Gaya | H158: Mobile | I158: Electronics | J158: 2 | K158: 40810.01 | L158: 81620.02
A159: ORD100159 | B159: 2025-02-16 | C159: CUST5113 | D159: Customer_271 | E159: 30 | F159: Female | G159: Kolkata | H159: Mobile | I159: Electronics | J159: 7 | K159: 28469 | L159: 199283
A160: ORD100160 | B160: 2025-09-20 | C160: CUST7263 | D160: Customer_120 | E160: 55 | F160: Male | G160: Hyderabad | H160: Chair | I160: Furniture | J160: 10 | K160: 1085.13 | L160: 10851.3
A161: ORD100161 | B161: 2025-10-22 | C161: CUST2562 | D161: Customer_280 | E161: 65 | F161: Male | G161: Bengaluru | H161: Rice | I161: Grocery | J161: 3 | K161: 145.78 | L161: 437.34
A162: ORD100162 | B162: 2025-06-03 | C162: CUST9297 | D162: Customer_488 | E162: 27 | F162: Female | G162: Kolkata | H162: Mobile | I162: Electronics | J162: 9 | K162: 22636.01 | L162: 203724.09
... A199: ORD100199 | B199: 2025-01-04 | C199: CUST7187 | D199: Customer_149 | E199: 38 | F199: Male | G199: Patna | H199: Mobile | I199: Electronics | J199: 1 | K199: 16633.85 | L199: 16633.85
A200: ORD100200 | B200: 2025-02-24 | C200: CUST2953 | D200: Customer_435 | F200: Female | G200: Kolkata | H200: Rice | I200: Grocery | J200: 8 | K200: 27608.55 | L200: 220868.4
A201: ORD100201 | B201: 2025-12-23 | C201: CUST2779 | D201: Customer_336 | E201: 44 | F201: Female | G201: Patna | H201: Rice | I201: Grocery | J201: 7 | K201: 25521.26 | L201: 178648.82
A202: ORD100202 | B202: 2025-02-26 | C202: CUST6564 | D202: Customer_216 | E202: 59 | F202: Female | G202: Patna | H202: Mobile | I202: Electronics | J202: 4 | K202: 35658.89 | L202: 142635.56
A203: ORD100203 | B203: 2025-03-10 | C203: CUST4996 | D203: Customer_449 | E203: 61 | F203: Female | G203: Hyderabad | H203: Laptop | I203: Electronics | J203: 8 | K203: 18088.02 | L203: 144704.16
A204: ORD100204 | B204: 2025-12-16 | C204: CUST2428 | D204: Customer_127 | E204: 52 | F204: Female | G204: Mumbai | H204: Book | I204: Education | J204: 3 | K204: 16041.29 | L204: 48123.87
A205: ORD100205 | B205: 2025-02-26 | C205: CUST2448 | D205: Customer_444 | E205: 59 | F205: Female | G205: Kolkata | H205: Chair | I205: Furniture | J205: 9 | K205: 16533.74 | L205: 148803.66
A206: ORD100206 | B206: 2025-03-09 | C206: CUST1049 | D206: Customer_243 | E206: 55 | F206: Female | G206: Hyderabad | H206: Book | I206: Education | J206: 1 | K206: 16714.64 | L206: 16714.64
A207: ORD100207 | B207: 2025-08-30 | C207: CUST9728 | D207: Customer_338 | E207: 45 | F207: Male | G207: Gaya | H207: Rice | I207: Grocery | J207: 4 | K207: 46356.08 | L207: 185424.32
A208: ORD100208 | B208: 2025-02-25 | C208: CUST6932 | D208: Customer_304 | E208: 31 | F208: Male | G208: Kolkata | H208: Shoes | I208: Fashion | J208: 8 | K208: 2636.28 | L208: 21090.24
A209: ORD100209 | B209: 2025-04-05 | C209: CUST9159 | D209: Customer_12 | E209: 40 | F209: Female | G209: Kolkata | H209: Mobile | I209: Electronics | J209: 6 | K209: 34808.76 | L209: 208852.56
A210: ORD100210 | B210: 2025-08-25 | C210: CUST6518 | D210: Customer_410 | E210: 44 | F210: Female | G210: Hyderabad | H210: Shoes | I210: Fashion | J210: 10 | K210: 17713.87 | L210: 177138.7
A211: ORD100211 | B211: 2025-04-16 | C211: CUST4756 | D211: Customer_15 | E211: 55 | F211: Female | G211: Bengaluru | H211: Book | I211: Education | J211: 3 | K211: 4421.33 | L211: 13263.99
A212: ORD100212 | B212: 2025-04-10 | C212: CUST7659 | D212: Customer_445 | E212: 20 | F212: Male | G212: Patna | H212: Chair | I212: Furniture | J212: 1 | K212: 49067.82 | L212: 49067.82
... A224: ORD100224 | B224: 2025-12-06 | C224: CUST7613 | D224: Customer_432 | E224: 22 | F224: Male | G224: Mumbai | H224: Laptop | I224: Electronics | J224: 8 | K224: 49347.28 | L224: 394778.24
A225: ORD100225 | B225: 2025-12-07 | C225: CUST1443 | D225: Customer_315 | E225: 37 | F225: Female | H225: Rice | I225: Grocery | J225: 1 | K225: 25336.7 | L225: 25336.7
A226: ORD100226 | B226: 2025-02-08 | C226: CUST9319 | D226: Customer_434 | E226: 54 | F226: Female | G226: Pune | H226: Rice | I226: Grocery | J226: 5 | K226: 7361.11 | L226: 36805.55
A227: ORD100227 | B227: 2025-04-07 | C227: CUST6773 | D227: Customer_200 | E227: 22 | F227: Male | G227: Hyderabad | H227: Laptop | I227: Electronics | J227: 4 | K227: 33205.94 | L227: 132823.76
A228: ORD100228 | B228: 2025-06-19 | C228: CUST5214 | D228: Customer_142 | E228: 63 | F228: Female | G228: Patna | H228: Chair | I228: Furniture | J228: 4 | K228: 21609.52 | L228: 86438.08
A229: ORD100229 | B229: 2025-07-08 | C229: CUST3618 | D229: Customer_131 | E229: 28 | F229: Male | G229: Pune | H229: Laptop | I229: Electronics | J229: 10 | K229: 33072.39 | L229: 330723.9
A230: ORD100230 | B230: 2025-11-01 | C230: CUST3668 | D230: Customer_415 | E230: 63 | F230: Male | G230: Patna | H230: Mobile | I230: Electronics | J230: 6 | K230: 46679.69 | L230: 280078.14
A231: ORD100231 | B231: 2025-05-16 | C231: CUST7315 | D231: Customer_283 | E231: 45 | F231: Female | G231: Mumbai | H231: Book | I231: Education | J231: 3 | K231: 17931.34 | L231: 53794.02
A232: ORD100232 | B232: 2025-04-11 | C232: CUST9158 | D232: Customer_297 | E232: 61 | F232: Male | G232: Gaya | H232: Chair | I232: Furniture | J232: 4 | K232: 5518.32 | L232: 22073.28
A233: ORD100233 | B233: 2025-06-21 | C233: CUST6522 | D233: Customer_468 | E233: 61 | F233: Male | G233: Mumbai | H233: Book | I233: Education | J233: 7 | K233: 15331.09 | L233: 107317.63
A234: ORD100234 | B234: 2025-09-05 | C234: CUST3760 | D234: Customer_360 | E234: 63 | F234: Female | G234: Bengaluru | H234: Shoes | I234: Fashion | J234: 1 | K234: 41626.11 | L234: 41626.11
A235: ORD100235 | B235: 2025-10-22 | C235: CUST5079 | D235: Customer_348 | E235: 41 | F235: Female | G235: Bengaluru | H235: Chair | I235: Furniture | J235: 8 | K235: 33479.62 | L235: 267836.96
A236: ORD100236 | B236: 2025-05-19 | C236: CUST6082 | D236: Customer_301 | E236: 62 | F236: Male | G236: Mumbai | H236: Laptop | I236: Electronics | J236: 9 | K236: 44135.66 | L236: 397220.94
A237: ORD100237 | B237: 2025-06-25 | C237: CUST8311 | D237: Customer_225 | E237: 32 | F237: Male | G237: Bengaluru | H237: Mobile | I237: Electronics | J237: 10 | K237: 4504.89 | L237: 45048.9
... A249: ORD100249 | B249: 2025-01-23 | C249: CUST5454 | D249: Customer_368 | E249: 19 | F249: Female | G249: Hyderabad | H249: Chair | I249: Furniture | J249: 10 | K249: 30855.5 | L249: 308555
A250: ORD100250 | B250: 2025-12-20 | C250: CUST3169 | D250: Customer_138 | F250: Female | G250: Delhi | H250: Mobile | I250: Electronics | J250: 7 | K250: 19829.73 | L250: 138808.11
...

Sheet Data_Quality_Report
A1: Issue | B1: Column | C1: Count | D1: Action/Observation
A2: Missing Values | B2: Age | C2: 20 | D2: To be handled during data cleaning
A3: Missing Values | B3: City | C3: 13 | D3: To be handled during data cleaning
A4: Duplicate Records | B4: All columns | C4: 0 | D4: No duplicate records found
A5: Insconsistent Formatting | B5: Gender | C5: 0 | D5: No inconsistency found
A6: Inconsistent Formatting | B6: City | C6: 0 | D6: No inconsistency found
A7: Inconsistent Formatting | B7: Product | C7: 0 | D7: No inconsistency found
A8: Inconsistent Formatting | B8: Category | C8: 0 | D8: No inconsistency found
A9: Inconsistent Formatting | B9: Order_Date | C9: 0 | D9: No inconsistency found
A10: Inconsistent Formatting | B10: Order_ID | C10: 0 | D10: No inconsistency found
A11: Inconsistent Formatting | B11: Customer_ID | C11: 0 | D11: No inconsistency found
A12: Inconsistent Formatting | B12: Customer_Name | C12: 0 | D12: No inconsistency found
A13: Outliers | B13: Age | C13: 0 | D13: No outliers found
... A16: Outliers | B16: Total_Sales | C16: 19 | D16: Review extreme sales values and verify against source data

Sheet Data_Dictionary
A1: Colums Items | B1: Description | C1: Data type | D1: Business relevance
A2: Order_ID | B2: Unique ID assigned to each order | C2: Text | D2: Used to uniquely identify and track each order
A3: Order_Date | B3: Date when the order was placed | C3: Date | D3: Used to analyze sales trends over different dates, days, months, or periods
A4: Customer_ID | B4: Unique ID assigned to each customer | C4: Text | D4: Used to identify customers and analyze their purchasing behavior
A5: Customer_Name | B5: Name of the customer | C5: Text | D5: Used to identify customers and connect orders to customer information
A6: Age | B6: Age of the customer | C6: Integer | D6: Used to understand customer demographics and analyze purchasing behavior by age group
A7: Gender | B7: Gender of the customer | C7: Text | D7: Used to analyze customer demographics and compare purchasing patterns
A8: City | B8: City where the customer is located | C8: Text | D8: Used to analyze sales and customer distribution by location
A9: Product | B9: Product purchased by the customer | C9: Text | D9: Used to identify which products are being purchased and measure product performance
A10: Category | B10: Category of the purchased product | C10: Text | D10: Used to compare sales performance across different product categories
A11: Quantity | B11: Number of items purchased | C11: Integer | D11: Used to measure the number of products sold and analyze sales volume
A12: Unit_Price | B12: Price of one unit of the product | C12: Decimal | D12: Used to analyze product pricing and calculate sales value
A13: Total_Sales | B13: Total value of the order | C13: Decimal | D13: Used to measure revenue and analyze overall sales performance

Sheet Sheet9

Sheet Sheet10

Sheet Sheet1
A3: Row Labels | B3: Sum of Total_Sales
A4: 2025-01-01 | B4: 23787.6
A5: 2025-01-04 | B5: 307641.35
A6: 2025-01-05 | B6: 194749.86
A7: 2025-01-06 | B7: 721080.92
A8: 2025-01-07 | B8: 591822.16
A9: 2025-01-08 | B9: 72852.1
A10: 2025-01-09 | B10: 539901.84
A11: 2025-01-10 | B11: 625004.75
A12: 2025-01-11 | B12: 853136.58
A13: 2025-01-13 | B13: 296338.06
A14: 2025-01-14 | B14: 696953.82
A15: 2025-01-15 | B15: 509436.29
... A346: Grand Total | B346: 1.3939944e+08

Sheet Cleaned_Sales_Dataset
A1: Order_ID | B1: Order_Date | C1: Customer_ID | D1: Customer_Name | E1: Age | F1: Gender | G1: City | H1: Product | I1: Category | J1: Quantity | K1: Unit_Price | L1: TotalSales
A2: ORD100002 | B2: 2025-02-25 | C2: CUST5529 | D2: Customer_227 | E2: 30 | F2: Female | G2: Bengaluru | H2: Rice | I2: Grocery | J2: 7 | K2: 2829.77 | L2: 19808.39 | N2: =DATEVALUE(LEFT(B2,10)) -> 45713 | O2: =ISNUMBER(N2) -> TRUE
A3: ORD100003 | B3: 2025-10-14 | C3: CUST3127 | D3: Customer_182 | E3: 63 | F3: Male | G3: Bengaluru | H3: Book | I3: Education | J3: 5 | K3: 27906.16 | L3: 139530.8 | N3: =DATEVALUE(LEFT(B3,10)) -> 45944 | O3: =ISNUMBER(N3) -> TRUE
A4: ORD100004 | B4: 2025-05-13 | C4: CUST8887 | D4: Customer_487 | E4: 62 | F4: Female | G4: Bengaluru | H4: Book | I4: Education | J4: 8 | K4: 37491.06 | L4: 299928.48 | N4: =DATEVALUE(LEFT(B4,10)) -> 45790 | O4: =ISNUMBER(N4) -> TRUE
A5: ORD100005 | B5: 2025-12-02 | C5: CUST2515 | D5: Customer_470 | E5: 65 | F5: Female | G5: Kolkata | H5: Mobile | I5: Electronics | J5: 9 | K5: 28541.36 | L5: 256872.24 | N5: =DATEVALUE(LEFT(B5,10)) -> 45993 | O5: =ISNUMBER(N5) -> TRUE
A6: ORD100006 | B6: 2025-11-20 | C6: CUST4796 | D6: Customer_380 | E6: 44 | F6: Male | G6: Bengaluru | H6: Rice | I6: Grocery | J6: 10 | K6: 14036.59 | L6: 140365.9 | N6: =DATEVALUE(LEFT(B6,10)) -> 45981 | O6: =ISNUMBER(N6) -> TRUE
A7: ORD100007 | B7: 2025-12-31 | C7: CUST3952 | D7: Customer_71 | E7: 40 | F7: Female | G7: Hyderabad | H7: Laptop | I7: Electronics | J7: 9 | K7: 35947.47 | L7: 323527.23 | N7: =DATEVALUE(LEFT(B7,10)) -> 46022 | O7: =ISNUMBER(N7) -> TRUE
A8: ORD100008 | B8: 2025-10-14 | C8: CUST1758 | D8: Customer_335 | E8: 61 | F8: Male | G8: Patna | H8: Mobile | I8: Electronics | J8: 6 | K8: 49997.53 | L8: 299985.18 | N8: =DATEVALUE(LEFT(B8,10)) -> 45944 | O8: =ISNUMBER(N8) -> TRUE
A9: ORD100009 | B9: 2025-12-05 | C9: CUST9622 | D9: Customer_224 | E9: 35 | F9: Male | G9: Kolkata | H9: Laptop | I9: Electronics | J9: 3 | K9: 9488.83 | L9: 28466.49 | N9: =DATEVALUE(LEFT(B9,10)) -> 45996 | O9: =ISNUMBER(N9) -> TRUE
A10: ORD100010 | B10: 2025-11-21 | C10: CUST9770 | D10: Customer_494 | E10: 41 | F10: Female | G10: Mumbai | H10: Book | I10: Education | J10: 6 | K10: 19488.23 | L10: 116929.38 | N10: =DATEVALUE(LEFT(B10,10)) -> 45982 | O10: =ISNUMBER(N10) -> TRUE
A11: ORD100011 | B11: 2025-04-16 | C11: CUST1312 | D11: Customer_40 | E11: 30 | F11: Male | G11: Kolkata | H11: Mobile | I11: Electronics | J11: 8 | K11: 18024.34 | L11: 144194.72 | N11: =DATEVALUE(LEFT(B11,10)) -> 45763 | O11: =ISNUMBER(N11) -> TRUE
A12: ORD100012 | B12: 2025-05-05 | C12: CUST9642 | D12: Customer_162 | E12: 51 | F12: Male | G12: Delhi | H12: Shoes | I12: Fashion | J12: 3 | K12: 14151.42 | L12: 42454.26 | N12: =DATEVALUE(LEFT(B12,10)) -> 45782 | O12: =ISNUMBER(N12) -> TRUE
A13: ORD100013 | B13: 2025-05-02 | C13: CUST3228 | D13: Customer_209 | E13: 55 | F13: Female | G13: Patna | H13: Chair | I13: Furniture | J13: 6 | K13: 47175.43 | L13: 283052.58 | N13: =DATEVALUE(LEFT(B13,10)) -> 45779 | O13: =ISNUMBER(N13) -> TRUE
... A28: ORD100028 | B28: 2025-08-01 | C28: CUST2003 | D28: Customer_48 | E28: 35 | F28: Female | G28: Mumbai | H28: Rice | I28: Grocery | J28: 2 | K28: 23837.41 | L28: 47674.82 | N28: =DATEVALUE(LEFT(B28,10)) -> 45870 | O28: =ISNUMBER(N28) -> TRUE
A29: ORD100029 | B29: 2025-08-10 | C29: CUST6149 | D29: Customer_181 | E29: 32 | F29: Female | G29: Patna | H29: Laptop | I29: Electronics | J29: 5 | K29: 14534.79 | L29: 72673.95 | N29: =DATEVALUE(LEFT(B29,10)) -> 45879 | O29: =ISNUMBER(N29) -> TRUE | Q29: clea
A30: ORD100030 | B30: 2025-02-05 | C30: CUST3688 | D30: Customer_205 | E30: 38 | F30: Female | G30: Bengaluru | H30: Mobile | I30: Electronics | J30: 10 | K30: 21393.69 | L30: 213936.9 | N30: =DATEVALUE(LEFT(B30,10)) -> 45693 | O30: =ISNUMBER(N30) -> TRUE
A31: ORD100031 | B31: 2025-08-09 | C31: CUST3212 | D31: Customer_415 | E31: 33 | F31: Male | G31: Gaya | H31: Rice | I31: Grocery | J31: 2 | K31: 21382.16 | L31: 42764.32 | N31: =DATEVALUE(LEFT(B31,10)) -> 45878 | O31: =ISNUMBER(N31) -> TRUE
A32: ORD100032 | B32: 2025-05-13 | C32: CUST5063 | D32: Customer_50 | E32: 33 | F32: Female | G32: Mumbai | H32: Mobile | I32: Electronics | J32: 1 | K32: 15831.03 | L32: 15831.03 | N32: =DATEVALUE(LEFT(B32,10)) -> 45790 | O32: =ISNUMBER(N32) -> TRUE
A33: ORD100033 | B33: 2025-10-22 | C33: CUST9565 | D33: Customer_350 | E33: 21 | F33: Female | G33: Mumbai | H33: Book | I33: Education | J33: 8 | K33: 21791.66 | L33: 174333.28 | N33: =DATEVALUE(LEFT(B33,10)) -> 45952 | O33: =ISNUMBER(N33) -> TRUE
A34: ORD100034 | B34: 2025-12-04 | C34: CUST9325 | D34: Customer_352 | E34: 44 | F34: Female | G34: Mumbai | H34: Laptop | I34: Electronics | J34: 5 | K34: 17556.08 | L34: 87780.4 | N34: =DATEVALUE(LEFT(B34,10)) -> 45995 | O34: =ISNUMBER(N34) -> TRUE
A35: ORD100035 | B35: 2025-05-03 | C35: CUST4002 | D35: Customer_388 | E35: 18 | F35: Female | G35: Gaya | H35: Laptop | I35: Electronics | J35: 5 | K35: 46822.84 | L35: 234114.2 | N35: =DATEVALUE(LEFT(B35,10)) -> 45780 | O35: =ISNUMBER(N35) -> TRUE
A36: ORD100036 | B36: 2025-03-08 | C36: CUST8975 | D36: Customer_315 | E36: 36 | F36: Female | G36: Gaya | H36: Mobile | I36: Electronics | J36: 4 | K36: 47896.7 | L36: 191586.8 | N36: =DATEVALUE(LEFT(B36,10)) -> 45724 | O36: =ISNUMBER(N36) -> TRUE
A37: ORD100037 | B37: 2025-02-07 | C37: CUST2669 | D37: Customer_151 | E37: 46 | F37: Male | G37: Bengaluru | H37: Laptop | I37: Electronics | J37: 8 | K37: 44911.49 | L37: 359291.92 | N37: =DATEVALUE(LEFT(B37,10)) -> 45695 | O37: =ISNUMBER(N37) -> TRUE
A38: ORD100038 | B38: 2025-02-20 | C38: CUST5869 | D38: Customer_415 | E38: 23 | F38: Male | G38: Delhi | H38: Chair | I38: Furniture | J38: 7 | K38: 40746.79 | L38: 285227.53 | N38: =DATEVALUE(LEFT(B38,10)) -> 45708 | O38: =ISNUMBER(N38) -> TRUE
A39: ORD100039 | B39: 2025-10-20 | C39: CUST7249 | D39: Customer_144 | E39: 29 | F39: Male | G39: Kolkata | H39: Rice | I39: Grocery | J39: 4 | K39: 4794.08 | L39: 19176.32 | N39: =DATEVALUE(LEFT(B39,10)) -> 45950 | O39: =ISNUMBER(N39) -> TRUE
A40: ORD100040 | B40: 2025-03-07 | C40: CUST7465 | D40: Customer_345 | E40: 58 | F40: Female | G40: Bengaluru | H40: Shoes | I40: Fashion | J40: 8 | K40: 29270.98 | L40: 234167.84 | N40: =DATEVALUE(LEFT(B40,10)) -> 45723 | O40: =ISNUMBER(N40) -> TRUE
A41: ORD100041 | B41: 2025-04-21 | C41: CUST7988 | D41: Customer_383 | E41: 39 | F41: Female | G41: Mumbai | H41: Shoes | I41: Fashion | J41: 1 | K41: 3992.85 | L41: 3992.85 | N41: =DATEVALUE(LEFT(B41,10)) -> 45768 | O41: =ISNUMBER(N41) -> TRUE
... A49: ORD100049 | B49: 2025-10-25 | C49: CUST2705 | D49: Customer_117 | E49: 55 | F49: Male | G49: Kolkata | H49: Mobile | I49: Electronics | J49: 5 | K49: 24854.05 | L49: 124270.25 | N49: =DATEVALUE(LEFT(B49,10)) -> 45955 | O49: =ISNUMBER(N49) -> TRUE
A50: ORD100050 | B50: 2025-10-03 | C50: CUST5523 | D50: Customer_432 | F50: Male | G50: Pune | H50: Chair | I50: Furniture | J50: 9 | K50: 30834.87 | L50: 277513.83 | N50: =DATEVALUE(LEFT(B50,10)) -> 45933 | O50: =ISNUMBER(N50) -> TRUE
A51: ORD100051 | B51: 2025-02-27 | C51: CUST1557 | D51: Customer_87 | E51: 39 | F51: Female | G51: Mumbai | H51: Chair | I51: Furniture | J51: 6 | K51: 20561.97 | L51: 123371.82 | N51: =DATEVALUE(LEFT(B51,10)) -> 45715 | O51: =ISNUMBER(N51) -> TRUE
A52: ORD100052 | B52: 2025-09-09 | C52: CUST2062 | D52: Customer_254 | E52: 58 | F52: Male | G52: Patna | H52: Book | I52: Education | J52: 10 | K52: 49367.75 | L52: 493677.5 | N52: =DATEVALUE(LEFT(B52,10)) -> 45909 | O52: =ISNUMBER(N52) -> TRUE
A53: ORD100053 | B53: 2025-06-08 | C53: CUST9203 | D53: Customer_70 | E53: 33 | F53: Male | G53: Delhi | H53: Laptop | I53: Electronics | J53: 6 | K53: 4656.1 | L53: 27936.6 | N53: =DATEVALUE(LEFT(B53,10)) -> 45816 | O53: =ISNUMBER(N53) -> TRUE
A54: ORD100054 | B54: 2025-07-07 | C54: CUST8053 | D54: Customer_408 | E54: 58 | F54: Male | G54: Delhi | H54: Rice | I54: Grocery | J54: 7 | K54: 42345.82 | L54: 296420.74 | N54: =DATEVALUE(LEFT(B54,10)) -> 45845 | O54: =ISNUMBER(N54) -> TRUE
A55: ORD100055 | B55: 2025-04-16 | C55: CUST1017 | D55: Customer_387 | E55: 42 | F55: Female | G55: Pune | H55: Shoes | I55: Fashion | J55: 7 | K55: 37747.24 | L55: 264230.68 | N55: =DATEVALUE(LEFT(B55,10)) -> 45763 | O55: =ISNUMBER(N55) -> TRUE
A56: ORD100056 | B56: 2025-11-16 | C56: CUST2690 | D56: Customer_11 | E56: 26 | F56: Male | G56: Delhi | H56: Book | I56: Education | J56: 2 | K56: 33304.17 | L56: 66608.34 | N56: =DATEVALUE(LEFT(B56,10)) -> 45977 | O56: =ISNUMBER(N56) -> TRUE
A57: ORD100057 | B57: 2025-12-07 | C57: CUST2791 | D57: Customer_20 | E57: 58 | F57: Female | G57: Bengaluru | H57: Laptop | I57: Electronics | J57: 6 | K57: 41157.44 | L57: 246944.64 | N57: =DATEVALUE(LEFT(B57,10)) -> 45998 | O57: =ISNUMBER(N57) -> TRUE
A58: ORD100058 | B58: 2025-03-12 | C58: CUST4496 | D58: Customer_53 | E58: 18 | F58: Female | G58: Bengaluru | H58: Chair | I58: Furniture | J58: 7 | K58: 47669.63 | L58: 333687.41 | N58: =DATEVALUE(LEFT(B58,10)) -> 45728 | O58: =ISNUMBER(N58) -> TRUE
A59: ORD100059 | B59: 2025-12-12 | C59: CUST8811 | D59: Customer_115 | E59: 50 | F59: Female | G59: Bengaluru | H59: Chair | I59: Furniture | J59: 1 | K59: 44708.5 | L59: 44708.5 | N59: =DATEVALUE(LEFT(B59,10)) -> 46003 | O59: =ISNUMBER(N59) -> TRUE
A60: ORD100060 | B60: 2025-01-15 | C60: CUST2411 | D60: Customer_292 | E60: 47 | F60: Female | G60: Mumbai | H60: Mobile | I60: Electronics | J60: 5 | K60: 36809.08 | L60: 184045.4 | N60: =DATEVALUE(LEFT(B60,10)) -> 45672 | O60: =ISNUMBER(N60) -> TRUE
A61: ORD100061 | B61: 2025-11-08 | C61: CUST2350 | D61: Customer_205 | E61: 46 | F61: Male | G61: Pune | H61: Mobile | I61: Electronics | J61: 4 | K61: 25292.97 | L61: 101171.88 | N61: =DATEVALUE(LEFT(B61,10)) -> 45969 | O61: =ISNUMBER(N61) -> TRUE
A62: ORD100062 | B62: 2025-07-06 | C62: CUST9745 | D62: Customer_48 | E62: 27 | F62: Male | G62: Mumbai | H62: Shoes | I62: Fashion | J62: 1 | K62: 29263.26 | L62: 29263.26 | N62: =DATEVALUE(LEFT(B62,10)) -> 45844 | O62: =ISNUMBER(N62) -> TRUE
... A74: ORD100074 | B74: 2025-12-04 | C74: CUST7587 | D74: Customer_223 | E74: 27 | F74: Male | G74: Pune | H74: Laptop | I74: Electronics | J74: 9 | K74: 45419.62 | L74: 408776.58 | N74: =DATEVALUE(LEFT(B74,10)) -> 45995 | O74: =ISNUMBER(N74) -> TRUE
A75: ORD100075 | B75: 2025-03-30 | C75: CUST2157 | D75: Customer_31 | E75: 58 | F75: Male | H75: Mobile | I75: Electronics | J75: 4 | K75: 21599.26 | L75: 86397.04 | N75: =DATEVALUE(LEFT(B75,10)) -> 45746 | O75: =ISNUMBER(N75) -> TRUE
A76: ORD100076 | B76: 2025-12-30 | C76: CUST8430 | D76: Customer_277 | E76: 45 | F76: Male | G76: Gaya | H76: Laptop | I76: Electronics | J76: 2 | K76: 8883.45 | L76: 17766.9 | N76: =DATEVALUE(LEFT(B76,10)) -> 46021 | O76: =ISNUMBER(N76) -> TRUE
A77: ORD100077 | B77: 2025-12-27 | C77: CUST1956 | D77: Customer_317 | E77: 22 | F77: Female | G77: Bengaluru | H77: Shoes | I77: Fashion | J77: 9 | K77: 12290.45 | L77: 110614.05 | N77: =DATEVALUE(LEFT(B77,10)) -> 46018 | O77: =ISNUMBER(N77) -> TRUE
A78: ORD100078 | B78: 2025-04-14 | C78: CUST9846 | D78: Customer_298 | E78: 58 | F78: Female | G78: Patna | H78: Book | I78: Education | J78: 6 | K78: 10784.64 | L78: 64707.84 | N78: =DATEVALUE(LEFT(B78,10)) -> 45761 | O78: =ISNUMBER(N78) -> TRUE
A79: ORD100079 | B79: 2026-01-01 | C79: CUST4706 | D79: Customer_34 | E79: 62 | F79: Female | G79: Delhi | H79: Rice | I79: Grocery | J79: 1 | K79: 35862.34 | L79: 35862.34 | N79: =DATEVALUE(LEFT(B79,10)) -> 46023 | O79: =ISNUMBER(N79) -> TRUE
A80: ORD100080 | B80: 2025-08-21 | C80: CUST5607 | D80: Customer_265 | E80: 61 | F80: Female | G80: Gaya | H80: Rice | I80: Grocery | J80: 1 | K80: 13129.64 | L80: 13129.64 | N80: =DATEVALUE(LEFT(B80,10)) -> 45890 | O80: =ISNUMBER(N80) -> TRUE
A81: ORD100081 | B81: 2025-03-05 | C81: CUST8211 | D81: Customer_62 | E81: 19 | F81: Female | G81: Gaya | H81: Chair | I81: Furniture | J81: 9 | K81: 45747.37 | L81: 411726.33 | N81: =DATEVALUE(LEFT(B81,10)) -> 45721 | O81: =ISNUMBER(N81) -> TRUE
A82: ORD100082 | B82: 2025-09-01 | C82: CUST5367 | D82: Customer_499 | E82: 25 | F82: Female | G82: Hyderabad | H82: Book | I82: Education | J82: 6 | K82: 5849.89 | L82: 35099.34 | N82: =DATEVALUE(LEFT(B82,10)) -> 45901 | O82: =ISNUMBER(N82) -> TRUE
A83: ORD100083 | B83: 2025-01-06 | C83: CUST8346 | D83: Customer_384 | E83: 30 | F83: Male | G83: Hyderabad | H83: Laptop | I83: Electronics | J83: 9 | K83: 48845.5 | L83: 439609.5 | N83: =DATEVALUE(LEFT(B83,10)) -> 45663 | O83: =ISNUMBER(N83) -> TRUE
A84: ORD100084 | B84: 2025-10-24 | C84: CUST7484 | D84: Customer_478 | E84: 36 | F84: Male | G84: Gaya | H84: Book | I84: Education | J84: 9 | K84: 24828.05 | L84: 223452.45 | N84: =DATEVALUE(LEFT(B84,10)) -> 45954 | O84: =ISNUMBER(N84) -> TRUE
A85: ORD100085 | B85: 2025-03-07 | C85: CUST7911 | D85: Customer_7 | E85: 59 | F85: Male | G85: Delhi | H85: Mobile | I85: Electronics | J85: 8 | K85: 17841.4 | L85: 142731.2 | N85: =DATEVALUE(LEFT(B85,10)) -> 45723 | O85: =ISNUMBER(N85) -> TRUE
A86: ORD100086 | B86: 2025-08-24 | C86: CUST4229 | D86: Customer_234 | E86: 51 | F86: Male | G86: Hyderabad | H86: Book | I86: Education | J86: 10 | K86: 13662.66 | L86: 136626.6 | N86: =DATEVALUE(LEFT(B86,10)) -> 45893 | O86: =ISNUMBER(N86) -> TRUE
A87: ORD100087 | B87: 2025-03-17 | C87: CUST2290 | D87: Customer_195 | E87: 56 | F87: Male | G87: Mumbai | H87: Book | I87: Education | J87: 4 | K87: 12169.49 | L87: 48677.96 | N87: =DATEVALUE(LEFT(B87,10)) -> 45733 | O87: =ISNUMBER(N87) -> TRUE
... A99: ORD100099 | B99: 2025-02-13 | C99: CUST5232 | D99: Customer_395 | E99: 54 | F99: Male | G99: Gaya | H99: Mobile | I99: Electronics | J99: 2 | K99: 31217.12 | L99: 62434.24 | N99: =DATEVALUE(LEFT(B99,10)) -> 45701 | O99: =ISNUMBER(N99) -> TRUE
A100: ORD100100 | B100: 2025-11-02 | C100: CUST7462 | D100: Customer_379 | F100: Male | G100: Patna | H100: Laptop | I100: Electronics | J100: 5 | K100: 553.62 | L100: 2768.1 | N100: =DATEVALUE(LEFT(B100,10)) -> 45963 | O100: =ISNUMBER(N100) -> TRUE
A101: ORD100101 | B101: 2025-10-05 | C101: CUST7588 | D101: Customer_67 | E101: 47 | F101: Male | G101: Pune | H101: Rice | I101: Grocery | J101: 4 | K101: 6974.66 | L101: 27898.64 | N101: =DATEVALUE(LEFT(B101,10)) -> 45935 | O101: =ISNUMBER(N101) -> TRUE
A102: ORD100102 | B102: 2025-12-19 | C102: CUST5005 | D102: Customer_176 | E102: 20 | F102: Female | G102: Kolkata | H102: Book | I102: Education | J102: 9 | K102: 19437.88 | L102: 174940.92 | N102: =DATEVALUE(LEFT(B102,10)) -> 46010 | O102: =ISNUMBER(N102) -> TRUE
A103: ORD100103 | B103: 2025-01-14 | C103: CUST3210 | D103: Customer_15 | E103: 43 | F103: Female | G103: Mumbai | H103: Laptop | I103: Electronics | J103: 9 | K103: 13617.93 | L103: 122561.37 | N103: =DATEVALUE(LEFT(B103,10)) -> 45671 | O103: =ISNUMBER(N103) -> TRUE
A104: ORD100104 | B104: 2025-12-12 | C104: CUST5926 | D104: Customer_308 | E104: 54 | F104: Male | G104: Gaya | H104: Chair | I104: Furniture | J104: 8 | K104: 38897.58 | L104: 311180.64 | N104: =DATEVALUE(LEFT(B104,10)) -> 46003 | O104: =ISNUMBER(N104) -> TRUE
A105: ORD100105 | B105: 2025-11-23 | C105: CUST3809 | D105: Customer_394 | E105: 44 | F105: Female | G105: Gaya | H105: Book | I105: Education | J105: 6 | K105: 8547.07 | L105: 51282.42 | N105: =DATEVALUE(LEFT(B105,10)) -> 45984 | O105: =ISNUMBER(N105) -> TRUE
A106: ORD100106 | B106: 2025-10-26 | C106: CUST2079 | D106: Customer_35 | E106: 44 | F106: Male | G106: Mumbai | H106: Chair | I106: Furniture | J106: 7 | K106: 46263.01 | L106: 323841.07 | N106: =DATEVALUE(LEFT(B106,10)) -> 45956 | O106: =ISNUMBER(N106) -> TRUE
A107: ORD100107 | B107: 2025-08-09 | C107: CUST4881 | D107: Customer_389 | E107: 32 | F107: Male | G107: Patna | H107: Book | I107: Education | J107: 2 | K107: 2814.55 | L107: 5629.1 | N107: =DATEVALUE(LEFT(B107,10)) -> 45878 | O107: =ISNUMBER(N107) -> TRUE
A108: ORD100108 | B108: 2025-03-20 | C108: CUST6707 | D108: Customer_420 | E108: 33 | F108: Male | G108: Pune | H108: Mobile | I108: Electronics | J108: 8 | K108: 41112.05 | L108: 328896.4 | N108: =DATEVALUE(LEFT(B108,10)) -> 45736 | O108: =ISNUMBER(N108) -> TRUE
A109: ORD100109 | B109: 2025-09-18 | C109: CUST2796 | D109: Customer_471 | E109: 29 | F109: Male | G109: Patna | H109: Book | I109: Education | J109: 4 | K109: 36826.88 | L109: 147307.52 | N109: =DATEVALUE(LEFT(B109,10)) -> 45918 | O109: =ISNUMBER(N109) -> TRUE
A110: ORD100110 | B110: 2025-10-15 | C110: CUST5524 | D110: Customer_154 | E110: 44 | F110: Male | G110: Hyderabad | H110: Chair | I110: Furniture | J110: 3 | K110: 42806.52 | L110: 128419.56 | N110: =DATEVALUE(LEFT(B110,10)) -> 45945 | O110: =ISNUMBER(N110) -> TRUE
A111: ORD100111 | B111: 2025-09-04 | C111: CUST9882 | D111: Customer_103 | E111: 28 | F111: Female | G111: Kolkata | H111: Laptop | I111: Electronics | J111: 6 | K111: 5533 | L111: 33198 | N111: =DATEVALUE(LEFT(B111,10)) -> 45904 | O111: =ISNUMBER(N111) -> TRUE
A112: ORD100112 | B112: 2025-03-01 | C112: CUST3001 | D112: Customer_341 | E112: 32 | F112: Male | G112: Gaya | H112: Laptop | I112: Electronics | J112: 3 | K112: 2638.97 | L112: 7916.91 | N112: =DATEVALUE(LEFT(B112,10)) -> 45717 | O112: =ISNUMBER(N112) -> TRUE
... A149: ORD100149 | B149: 2025-09-17 | C149: CUST7178 | D149: Customer_478 | E149: 64 | F149: Male | G149: Bengaluru | H149: Chair | I149: Furniture | J149: 2 | K149: 8092.78 | L149: 16185.56 | N149: =DATEVALUE(LEFT(B149,10)) -> 45917 | O149: =ISNUMBER(N149) -> TRUE
A150: ORD100150 | B150: 2025-04-01 | C150: CUST4132 | D150: Customer_47 | F150: Female | H150: Chair | I150: Furniture | J150: 4 | K150: 1973.64 | L150: 7894.56 | N150: =DATEVALUE(LEFT(B150,10)) -> 45748 | O150: =ISNUMBER(N150) -> TRUE
A151: ORD100151 | B151: 2025-09-13 | C151: CUST4829 | D151: Customer_202 | E151: 19 | F151: Female | G151: Mumbai | H151: Shoes | I151: Fashion | J151: 8 | K151: 41749.55 | L151: 333996.4 | N151: =DATEVALUE(LEFT(B151,10)) -> 45913 | O151: =ISNUMBER(N151) -> TRUE
A152: ORD100152 | B152: 2025-02-08 | C152: CUST5188 | D152: Customer_286 | E152: 53 | F152: Male | G152: Gaya | H152: Laptop | I152: Electronics | J152: 9 | K152: 48833.27 | L152: 439499.43 | N152: =DATEVALUE(LEFT(B152,10)) -> 45696 | O152: =ISNUMBER(N152) -> TRUE
A153: ORD100153 | B153: 2025-06-26 | C153: CUST1928 | D153: Customer_17 | E153: 30 | F153: Female | G153: Mumbai | H153: Mobile | I153: Electronics | J153: 7 | K153: 48642.53 | L153: 340497.71 | N153: =DATEVALUE(LEFT(B153,10)) -> 45834 | O153: =ISNUMBER(N153) -> TRUE
A154: ORD100154 | B154: 2025-10-26 | C154: CUST3887 | D154: Customer_371 | E154: 56 | F154: Female | G154: Mumbai | H154: Laptop | I154: Electronics | J154: 4 | K154: 42299.16 | L154: 169196.64 | N154: =DATEVALUE(LEFT(B154,10)) -> 45956 | O154: =ISNUMBER(N154) -> TRUE
A155: ORD100155 | B155: 2025-03-18 | C155: CUST5211 | D155: Customer_215 | E155: 53 | F155: Female | G155: Patna | H155: Book | I155: Education | J155: 5 | K155: 38233.51 | L155: 191167.55 | N155: =DATEVALUE(LEFT(B155,10)) -> 45734 | O155: =ISNUMBER(N155) -> TRUE
A156: ORD100156 | B156: 2025-07-22 | C156: CUST2236 | D156: Customer_173 | E156: 64 | F156: Male | G156: Pune | H156: Mobile | I156: Electronics | J156: 4 | K156: 6502.53 | L156: 26010.12 | N156: =DATEVALUE(LEFT(B156,10)) -> 45860 | O156: =ISNUMBER(N156) -> TRUE
A157: ORD100157 | B157: 2025-03-11 | C157: CUST5375 | D157: Customer_265 | E157: 60 | F157: Male | G157: Bengaluru | H157: Book | I157: Education | J157: 2 | K157: 18293.96 | L157: 36587.92 | N157: =DATEVALUE(LEFT(B157,10)) -> 45727 | O157: =ISNUMBER(N157) -> TRUE
A158: ORD100158 | B158: 2025-08-31 | C158: CUST4137 | D158: Customer_221 | E158: 36 | F158: Male | G158: Gaya | H158: Mobile | I158: Electronics | J158: 2 | K158: 40810.01 | L158: 81620.02 | N158: =DATEVALUE(LEFT(B158,10)) -> 45900 | O158: =ISNUMBER(N158) -> TRUE
A159: ORD100159 | B159: 2025-02-16 | C159: CUST5113 | D159: Customer_271 | E159: 30 | F159: Female | G159: Kolkata | H159: Mobile | I159: Electronics | J159: 7 | K159: 28469 | L159: 199283 | N159: =DATEVALUE(LEFT(B159,10)) -> 45704 | O159: =ISNUMBER(N159) -> TRUE
A160: ORD100160 | B160: 2025-09-20 | C160: CUST7263 | D160: Customer_120 | E160: 55 | F160: Male | G160: Hyderabad | H160: Chair | I160: Furniture | J160: 10 | K160: 1085.13 | L160: 10851.3 | N160: =DATEVALUE(LEFT(B160,10)) -> 45920 | O160: =ISNUMBER(N160) -> TRUE
A161: ORD100161 | B161: 2025-10-22 | C161: CUST2562 | D161: Customer_280 | E161: 65 | F161: Male | G161: Bengaluru | H161: Rice | I161: Grocery | J161: 3 | K161: 145.78 | L161: 437.34 | N161: =DATEVALUE(LEFT(B161,10)) -> 45952 | O161: =ISNUMBER(N161) -> TRUE
A162: ORD100162 | B162: 2025-06-03 | C162: CUST9297 | D162: Customer_488 | E162: 27 | F162: Female | G162: Kolkata | H162: Mobile | I162: Electronics | J162: 9 | K162: 22636.01 | L162: 203724.09 | N162: =DATEVALUE(LEFT(B162,10)) -> 45811 | O162: =ISNUMBER(N162) -> TRUE
... A199: ORD100199 | B199: 2025-01-04 | C199: CUST7187 | D199: Customer_149 | E199: 38 | F199: Male | G199: Patna | H199: Mobile | I199: Electronics | J199: 1 | K199: 16633.85 | L199: 16633.85 | N199: =DATEVALUE(LEFT(B199,10)) -> 45661 | O199: =ISNUMBER(N199) -> TRUE
A200: ORD100200 | B200: 2025-02-24 | C200: CUST2953 | D200: Customer_435 | F200: Female | G200: Kolkata | H200: Rice | I200: Grocery | J200: 8 | K200: 27608.55 | L200: 220868.4 | N200: =DATEVALUE(LEFT(B200,10)) -> 45712 | O200: =ISNUMBER(N200) -> TRUE
A201: ORD100201 | B201: 2025-12-23 | C201: CUST2779 | D201: Customer_336 | E201: 44 | F201: Female | G201: Patna | H201: Rice | I201: Grocery | J201: 7 | K201: 25521.26 | L201: 178648.82 | N201: =DATEVALUE(LEFT(B201,10)) -> 46014 | O201: =ISNUMBER(N201) -> TRUE
A202: ORD100202 | B202: 2025-02-26 | C202: CUST6564 | D202: Customer_216 | E202: 59 | F202: Female | G202: Patna | H202: Mobile | I202: Electronics | J202: 4 | K202: 35658.89 | L202: 142635.56 | N202: =DATEVALUE(LEFT(B202,10)) -> 45714 | O202: =ISNUMBER(N202) -> TRUE
A203: ORD100203 | B203: 2025-03-10 | C203: CUST4996 | D203: Customer_449 | E203: 61 | F203: Female | G203: Hyderabad | H203: Laptop | I203: Electronics | J203: 8 | K203: 18088.02 | L203: 144704.16 | N203: =DATEVALUE(LEFT(B203,10)) -> 45726 | O203: =ISNUMBER(N203) -> TRUE
A204: ORD100204 | B204: 2025-12-16 | C204: CUST2428 | D204: Customer_127 | E204: 52 | F204: Female | G204: Mumbai | H204: Book | I204: Education | J204: 3 | K204: 16041.29 | L204: 48123.87 | N204: =DATEVALUE(LEFT(B204,10)) -> 46007 | O204: =ISNUMBER(N204) -> TRUE
A205: ORD100205 | B205: 2025-02-26 | C205: CUST2448 | D205: Customer_444 | E205: 59 | F205: Female | G205: Kolkata | H205: Chair | I205: Furniture | J205: 9 | K205: 16533.74 | L205: 148803.66 | N205: =DATEVALUE(LEFT(B205,10)) -> 45714 | O205: =ISNUMBER(N205) -> TRUE
A206: ORD100206 | B206: 2025-03-09 | C206: CUST1049 | D206: Customer_243 | E206: 55 | F206: Female | G206: Hyderabad | H206: Book | I206: Education | J206: 1 | K206: 16714.64 | L206: 16714.64 | N206: =DATEVALUE(LEFT(B206,10)) -> 45725 | O206: =ISNUMBER(N206) -> TRUE
A207: ORD100207 | B207: 2025-08-30 | C207: CUST9728 | D207: Customer_338 | E207: 45 | F207: Male | G207: Gaya | H207: Rice | I207: Grocery | J207: 4 | K207: 46356.08 | L207: 185424.32 | N207: =DATEVALUE(LEFT(B207,10)) -> 45899 | O207: =ISNUMBER(N207) -> TRUE
A208: ORD100208 | B208: 2025-02-25 | C208: CUST6932 | D208: Customer_304 | E208: 31 | F208: Male | G208: Kolkata | H208: Shoes | I208: Fashion | J208: 8 | K208: 2636.28 | L208: 21090.24 | N208: =DATEVALUE(LEFT(B208,10)) -> 45713 | O208: =ISNUMBER(N208) -> TRUE
A209: ORD100209 | B209: 2025-04-05 | C209: CUST9159 | D209: Customer_12 | E209: 40 | F209: Female | G209: Kolkata | H209: Mobile | I209: Electronics | J209: 6 | K209: 34808.76 | L209: 208852.56 | N209: =DATEVALUE(LEFT(B209,10)) -> 45752 | O209: =ISNUMBER(N209) -> TRUE
A210: ORD100210 | B210: 2025-08-25 | C210: CUST6518 | D210: Customer_410 | E210: 44 | F210: Female | G210: Hyderabad | H210: Shoes | I210: Fashion | J210: 10 | K210: 17713.87 | L210: 177138.7 | N210: =DATEVALUE(LEFT(B210,10)) -> 45894 | O210: =ISNUMBER(N210) -> TRUE
A211: ORD100211 | B211: 2025-04-16 | C211: CUST4756 | D211: Customer_15 | E211: 55 | F211: Female | G211: Bengaluru | H211: Book | I211: Education | J211: 3 | K211: 4421.33 | L211: 13263.99 | N211: =DATEVALUE(LEFT(B211,10)) -> 45763 | O211: =ISNUMBER(N211) -> TRUE
A212: ORD100212 | B212: 2025-04-10 | C212: CUST7659 | D212: Customer_445 | E212: 20 | F212: Male | G212: Patna | H212: Chair | I212: Furniture | J212: 1 | K212: 49067.82 | L212: 49067.82 | N212: =DATEVALUE(LEFT(B212,10)) -> 45757 | O212: =ISNUMBER(N212) -> TRUE
... A224: ORD100224 | B224: 2025-12-06 | C224: CUST7613 | D224: Customer_432 | E224: 22 | F224: Male | G224: Mumbai | H224: Laptop | I224: Electronics | J224: 8 | K224: 49347.28 | L224: 394778.24 | N224: =DATEVALUE(LEFT(B224,10)) -> 45997 | O224: =ISNUMBER(N224) -> TRUE
A225: ORD100225 | B225: 2025-12-07 | C225: CUST1443 | D225: Customer_315 | E225: 37 | F225: Female | H225: Rice | I225: Grocery | J225: 1 | K225: 25336.7 | L225: 25336.7 | N225: =DATEVALUE(LEFT(B225,10)) -> 45998 | O225: =ISNUMBER(N225) -> TRUE
A226: ORD100226 | B226: 2025-02-08 | C226: CUST9319 | D226: Customer_434 | E226: 54 | F226: Female | G226: Pune | H226: Rice | I226: Grocery | J226: 5 | K226: 7361.11 | L226: 36805.55 | N226: =DATEVALUE(LEFT(B226,10)) -> 45696 | O226: =ISNUMBER(N226) -> TRUE
...

Sheet Numerical_Analysis
A1: Numerical Column | B1: Count | C1: Mean | D1: Median | E1: Mode | F1: Minimum | G1: Maximum | H1: Standard Deviation | I1: Q1 | J1: Q3 | K1: IQR
A2: Age | B2: =COUNT(Cleaned_Sales_Dataset!E2:E1001) -> 980 | C2: =AVERAGE(Cleaned_Sales_Dataset!E2:E1001) -> 41.360204 | D2: =MEDIAN(Cleaned_Sales_Dataset!E2:E1001) -> 41 | E2: =_xlfn.MODE.SNGL(Cleaned_Sales_Dataset!E2:E1001) -> 30 | F2: =MIN(Cleaned_Sales_Dataset!E2:E1001) -> 18 | G2: =MAX(Cleaned_Sales_Dataset!E2:E1001) -> 65 | H2: =_xlfn.STDEV.S(Cleaned_Sales_Dataset!E2:E1001) -> 13.822597 | I2: =_xlfn.QUARTILE.INC(Cleaned_Sales_Dataset!E2:E1001,1) -> 30 | J2: =_xlfn.QUARTILE.INC(Cleaned_Sales_Dataset!E2:E1001,3) -> 54 | K2: =J2-I2 -> 24
A3: Quantity | B3: =COUNT(Cleaned_Sales_Dataset!J2:J1001) -> 1000 | C3: =AVERAGE(Cleaned_Sales_Dataset!J2:J1002) -> 5.435 | D3: =MEDIAN(Cleaned_Sales_Dataset!J2:J1001) -> 5 | E3: =_xlfn.MODE.SNGL(Cleaned_Sales_Dataset!J2:J1001) -> 5 | F3: =MIN(Cleaned_Sales_Dataset!J2:J1001) -> 1 | G3: =MAX(Cleaned_Sales_Dataset!J2:J1001) -> 10 | H3: =_xlfn.STDEV.S(Cleaned_Sales_Dataset!J2:J1001) -> 2.8386322 | I3: =_xlfn.QUARTILE.INC(Cleaned_Sales_Dataset!J2:J1001,1) -> 3 | J3: =_xlfn.QUARTILE.INC(Cleaned_Sales_Dataset!J2:J1001,3) -> 8 | K3: =J3-I3 -> 5
A4: Unit_Price | B4: =COUNT(Cleaned_Sales_Dataset!K2:K1001) -> 1000 | C4: =AVERAGE(Cleaned_Sales_Dataset!K2:K1001) -> 25486.783 | D4: =MEDIAN(Cleaned_Sales_Dataset!K2:K1001) -> 25398.74 | E4: 3 | F4: =MIN(Cleaned_Sales_Dataset!K2:K1001) -> 145.78 | G4: =MAX(Cleaned_Sales_Dataset!K2:K1001) -> 49997.53 | H4: =_xlfn.STDEV.S(Cleaned_Sales_Dataset!K2:K1001) -> 14179.402 | I4: =_xlfn.QUARTILE.INC(Cleaned_Sales_Dataset!K2:K1001,1) -> 13895.722 | J4: =_xlfn.QUARTILE.INC(Cleaned_Sales_Dataset!K2:K1001,3) -> 37512.382 | K4: =J4-I4 -> 23616.66
A5: Total_Sales | B5: =COUNT(Cleaned_Sales_Dataset!L2:L1001) -> 1000 | C5: =AVERAGE(Cleaned_Sales_Dataset!L2:L1001) -> 139399.44 | D5: =MEDIAN(Cleaned_Sales_Dataset!L2:L1001) -> 108594.02 | E5: 3 | F5: =MIN(Cleaned_Sales_Dataset!L2:L1001) -> 437.34 | G5: =MAX(Cleaned_Sales_Dataset!L2:L1001) -> 493677.5 | H5: =_xlfn.STDEV.S(Cleaned_Sales_Dataset!L2:L1001) -> 114100.05 | I5: =_xlfn.QUARTILE.INC(Cleaned_Sales_Dataset!L2:L1001,1) -> 47066.632 | J5: =_xlfn.QUARTILE.INC(Cleaned_Sales_Dataset!L2:L1001,3) -> 203722.88 | K5: =J5-I5 -> 156656.25

Sheet Univariate_Analysis

Sheet Categorical_Analysis
A1: Gender | B1: Count | M1: City | N1: Count
A2: Male | B2: 511 | M2: Bengaluru | N2: 122
A3: Female | B3: 489 | M3: Kolkata | N3: 133
M4: Hyderbad | N4: 125
M5: Patna | N5: 135
M6: Mumbai | N6: 131
M7: Delhi | N7: 125
M8: Gaya | N8: 117
M9: Pune | N9: 99
A20: Category | B20: Count | M20: Product | N20: Count
A21: Grocery | B21: 153 | M21: Rice | N21: 153
A22: Education | B22: 178 | M22: Book | N22: 178
A23: Electronics | B23: 354 | M23: Mobile | N23: 184
A24: Fashion | B24: 156 | M24: Laptop | N24: 170
A25: Furniture | B25: 159 | M25: Shoes | N25: 156
M26: Chair | N26: 159

Sheet KPI_Calculations
A1: A | B1: B
A2: KPI | B2: Value
A3: Total Revenue
A4: Total Orders | B4: =COUNTA(Cleaned_Sales_Dataset!A:A)-1 -> 1000 | E4: SALES & CUSTOMER ANALYTICS DASHBOARD
A5: Total Quantity Sold
A6: Average Order Value | E6: TOTAL REVENUE | G6: TOTAL ORDERS | I6: QUANTITY SOLD
A7: Total Customers | B7: =SUMPRODUCT((Cleaned_Sales_Dataset!C2:C1001<>"")/COUNTIF(Cleaned_Sales_Dataset!C2:C1001,Cleaned_Sales_Dataset!C2:C1001&"")) -> 947 | E7: =KPI_Calculations!F6 -> 0 | G7: =KPI_Calculations!F7 -> 0 | I7: =KPI_Calculations!F8 -> 0
A8: Total Cities
E9: AVG ORDER VALUE | G9: TOTAL CUSTOMERS | I9: TOTAL CITIES
E10: =KPI_Calculations!F9 -> 0 | G10: =KPI_Calculations!F10 -> 0 | I10: =KPI_Calculations!F11 -> 0

Sheet Dashboard
L1: A | M1: B
A2: SALES & CUSTOMER ANALYTICS DASHBOARD | L2: KPI | M2: Value
A3: TOTAL REVENUE | C3: TOTAL ORDERS | E3: QUANTITY SOLD | L3: Total Revenue | M3: =SUM(Cleaned_Sales_Dataset!L:L) -> 1.3939944e+08
A4: 139399439 | C4: 1000 | E4: 5435 | L4: Total Orders | M4: =COUNTA(Cleaned_Sales_Dataset!L:L)-1 -> 1000
L5: Total Quantity Sold | M5: =SUM(Cleaned_Sales_Dataset!J:J) -> 5435
A6: AVG ORDER VALUE | C6: TOTAL CUSTOMERS | E6: TOTAL CITIES | L6: Average Order Value | M6: =AVERAGE(Cleaned_Sales_Dataset!L:L) -> 139399.44
A7: 139399.44 | C7: 947 | E7: 8 | L7: Total Customers | M7: =SUMPRODUCT((Cleaned_Sales_Dataset!C2:C1001<>"")/COUNTIF(Cleaned_Sales_Dataset!C2:C1001,Cleaned_Sales_Dataset!C2:C1001&"")) -> 947
L8: Total Cities | M8: =SUMPRODUCT((Cleaned_Sales_Dataset!G2:G1001<>"")/COUNTIF(Cleaned_Sales_Dataset!G2:G1001,Cleaned_Sales_Dataset!G2:G1001&"")) -> 8

Sheet Multivariate Analysis 
D34: Correlation Heatmap
C35: Age | D35: Quantity | E35: Unit Price | F35: Total Sales
B36: Age | C36: =CORREL(Cleaned_Sales_Dataset!E2:E1001,Cleaned_Sales_Dataset!E2:E1001) -> 1 | D36: =CORREL(Cleaned_Sales_Dataset!E2:E1001,Cleaned_Sales_Dataset!J2:J1001) -> -0.027627814 | E36: =CORREL(Cleaned_Sales_Dataset!E2:E1001,Cleaned_Sales_Dataset!K2:K1001) -> -0.012213721 | F36: =CORREL(Cleaned_Sales_Dataset!E2:E1001,Cleaned_Sales_Dataset!L2:L1001) -> 0.0014789938
B37: Quantity | C37: =CORREL(Cleaned_Sales_Dataset!E2:E1001,Cleaned_Sales_Dataset!K2:K1001) -> -0.012213721 | D37: =CORREL(Cleaned_Sales_Dataset!J2:J1001,Cleaned_Sales_Dataset!J2:J1001) -> 1 | E37: =CORREL(Cleaned_Sales_Dataset!L2:L1001,Cleaned_Sales_Dataset!K2:K1001) -> 0.68630343 | F37: =CORREL(Cleaned_Sales_Dataset!J2:J1001,Cleaned_Sales_Dataset!L2:L1001) -> 0.64664062
B38: Unit Price | C38: =CORREL(Cleaned_Sales_Dataset!J2:J1001,Cleaned_Sales_Dataset!E2:E1001) -> -0.027627814 | D38: =CORREL(Cleaned_Sales_Dataset!K2:K1001,Cleaned_Sales_Dataset!J2:J1001) -> 0.021854636 | E38: =CORREL(Cleaned_Sales_Dataset!K2:K1001,Cleaned_Sales_Dataset!K2:K1001) -> 1 | F38: =CORREL(Cleaned_Sales_Dataset!K2:K1001,Cleaned_Sales_Dataset!L2:L1001) -> 0.68630343
B39: Total Sales | C39: =CORREL(Cleaned_Sales_Dataset!L2:L1001,Cleaned_Sales_Dataset!E2:E1001) -> 0.0014789938 | D39: =CORREL(Cleaned_Sales_Dataset!L2:L1001,Cleaned_Sales_Dataset!J2:J1001) -> 0.64664062 | E39: =CORREL(Cleaned_Sales_Dataset!L2:L1001,Cleaned_Sales_Dataset!K2:K1001) -> 0.68630343 | F39: =CORREL(Cleaned_Sales_Dataset!L2:L1001,Cleaned_Sales_Dataset!L2:L1001) -> 1
C41: Key Business Insights
C42: Realtionship | F42: Corrrelation | G42: Interpreation
C43: Unit Price VS Total Sales | F43: 0.686 | G43: Strong Postive Realtionship
C44: Quantity VS Total Sales | F44: 0.647 | G44: Moderate-to-Strong Postive Relationship
C45: Age VS Total Sales | F45: 0.001 | G45: Almost no Realtionship
C46: Quantity VS Unit Price | F46: 0.022 | G46: Almost no Realtionship
